{"cameraMode":{"drawMode":0,"name":"Shaded","section":"Shading Mode"},"sceneLighting":true,"audioPlay":false,"sceneViewState":{"showFog":true,"showMaterialUpdate":true,"showSkybox":true,"showFlares":true,"showImageEffects":true,"showParticleSystems":true},"in2DMode":false,"pivot":{"x":7.548419952392578,"y":-5.733560562133789,"z":-0.33170509338378909},"rotation":{"x":0.14360982179641725,"y":0.848022997379303,"z":-0.4194420874118805,"w":0.2903471291065216},"size":33.743385314941409,"orthographic":false}